{
  "best_history": [
    65.8314713711043,
    65.8314713711043
  ],
  "best_position": [
    1.9315953602419937,
    2.46828483981249,
    1.3302425964819933,
    0.4544774435695538,
    3.3275087220950086,
    0.19145176831252597
  ],
  "best_tune_rmse": 65.8314713711043
}