{
  "mse": 5685.568983315372,
  "rmse": 75.40271204217639,
  "mae": 55.486739596487915,
  "mape": 1.6885240052232475
}